insurance_type,policy_type,incident_type,payment_method,region,claim_amount,customer_age,policy_tenure_days,num_previous_claims,days_since_last_claim,claim_processing_days,fraud_label
life,premium,illness,cash,north,89425,27,733,5,505,24,0
finance,basic,death,online,north,5917,45,1182,5,181,2,0
health,basic,financial_loss,cheque,north,258187,46,158,1,710,33,0
life,premium,financial_loss,cash,north,44104,32,1714,2,766,19,0
life,premium,illness,cash,south,154134,52,96,2,633,9,0
finance,basic,accident,cash,south,284143,23,1461,4,542,28,1
health,premium,death,online,west,267091,29,342,3,314,35,0
health,premium,financial_loss,online,west,66169,64,1508,4,796,39,0
life,premium,illness,cheque,north,159542,55,1721,0,617,10,0
vehicle,premium,financial_loss,online,east,134744,30,1159,4,735,1,0
life,premium,death,online,north,64821,46,454,1,272,42,0
life,basic,death,cash,east,222741,36,814,3,231,21,0
life,premium,theft,cash,north,254265,20,791,1,419,9,1
life,premium,illness,cash,west,219127,25,277,0,767,15,0
finance,basic,death,cash,west,279336,25,1957,3,441,35,0
health,basic,theft,cash,east,208834,72,592,5,495,5,1
finance,basic,theft,cash,north,239538,37,181,2,23,41,1
finance,premium,financial_loss,cash,east,91795,64,1724,4,108,22,1
finance,premium,financial_loss,cheque,west,170159,21,835,1,702,41,0
life,basic,theft,cheque,north,140699,68,647,0,501,23,0
vehicle,basic,financial_loss,cheque,north,248877,38,1903,2,24,7,0
health,basic,death,cheque,east,204298,20,1077,4,186,23,0
vehicle,premium,accident,cash,south,193505,62,571,2,287,44,0
finance,premium,death,cheque,east,141285,25,670,4,627,25,0
finance,premium,theft,cash,west,107412,40,1383,5,337,27,1
vehicle,basic,theft,cheque,west,24404,33,1740,3,36,41,0
vehicle,basic,death,online,west,121545,30,1336,2,793,6,0
vehicle,basic,financial_loss,cheque,west,227128,20,872,2,136,34,0
finance,basic,financial_loss,cheque,west,155245,65,1913,2,507,9,0
finance,premium,theft,cash,south,189099,26,1658,3,226,33,1
health,premium,illness,cheque,north,291133,31,1803,0,319,6,0
health,premium,financial_loss,online,east,266657,30,1074,4,181,37,1
finance,premium,death,cash,east,291663,70,306,5,85,31,1
vehicle,basic,financial_loss,cash,west,261875,74,872,2,466,34,1
vehicle,premium,death,cheque,east,289583,24,916,3,52,41,0
health,premium,theft,cash,west,19995,32,412,0,234,29,0
finance,premium,financial_loss,cash,south,28559,24,1217,4,778,14,1
health,basic,death,cash,south,103000,55,826,3,798,36,0
health,basic,theft,cash,north,157191,51,1858,5,432,36,1
life,basic,illness,cash,south,30517,58,1157,5,495,15,0
life,premium,death,cash,south,220558,39,565,4,99,8,1
life,premium,illness,online,north,110686,41,1565,2,598,26,0
vehicle,basic,illness,cheque,east,93151,66,1294,5,402,36,0
finance,premium,accident,online,west,270471,54,1146,0,395,21,0
finance,premium,financial_loss,cash,west,125318,61,468,3,526,28,0
finance,basic,death,cash,east,200490,18,148,0,414,4,0
finance,basic,illness,cheque,north,178860,27,446,2,612,16,0
life,premium,accident,online,east,120945,60,1228,0,676,22,0
vehicle,basic,theft,cheque,south,218456,33,1185,0,462,12,0
vehicle,premium,death,online,north,57446,63,491,1,540,16,0
life,basic,illness,cash,north,192655,25,864,0,625,40,0
vehicle,premium,financial_loss,cheque,north,145148,73,1162,4,618,38,0
life,basic,accident,cheque,west,74341,66,1940,3,363,42,0
finance,basic,illness,cash,east,36085,42,152,1,129,37,0
life,premium,financial_loss,cheque,north,10750,67,1364,3,83,29,0
finance,basic,illness,online,north,40903,29,1099,3,270,18,0
finance,basic,death,online,north,208561,42,1261,2,243,10,0
health,basic,death,online,east,96036,34,1362,2,387,42,0
life,premium,death,online,west,92954,43,815,1,213,39,0
health,premium,accident,cash,south,122305,63,670,5,165,18,0
life,premium,death,cheque,west,205753,65,94,2,790,1,0
life,basic,financial_loss,online,north,37101,31,1362,2,58,39,0
health,basic,illness,cash,west,7775,58,203,2,601,21,0
health,basic,theft,cheque,west,116497,53,1189,3,503,1,0
life,basic,financial_loss,cheque,south,50619,74,542,1,705,15,0
vehicle,basic,financial_loss,cash,east,257388,40,1149,3,122,4,1
finance,basic,death,cash,east,238346,60,305,4,647,20,1
health,basic,accident,online,west,70149,23,728,3,412,10,0
finance,premium,illness,cheque,west,31616,64,1603,4,138,23,0
vehicle,basic,accident,cheque,east,226767,22,967,0,228,41,0
vehicle,basic,illness,cash,east,190639,60,1464,0,273,34,0
vehicle,premium,illness,cheque,south,173171,42,72,4,438,33,0
health,basic,accident,online,north,211903,35,1793,4,561,34,0
vehicle,premium,financial_loss,cheque,west,236318,30,1950,3,117,39,0
health,premium,illness,cash,east,292623,60,463,4,713,10,1
vehicle,premium,accident,cash,west,60863,31,1542,1,482,20,0
finance,basic,illness,online,west,178115,45,402,0,394,1,0
finance,premium,theft,online,east,258347,35,624,0,702,13,0
life,basic,financial_loss,cheque,south,194052,74,1314,5,459,1,1
finance,basic,death,cheque,west,283495,45,1589,4,692,5,0
life,basic,illness,cash,south,140203,68,1168,2,77,16,0
finance,premium,theft,online,east,252908,73,734,2,411,15,0
health,basic,death,online,north,278493,44,560,4,74,28,0
finance,basic,death,online,north,197003,49,1957,1,294,31,0
life,premium,illness,cheque,west,279597,64,785,2,792,23,0
life,basic,accident,online,east,154886,26,1618,5,20,43,0
vehicle,basic,illness,cash,south,154335,57,1756,4,170,17,1
health,basic,theft,cash,west,82694,49,898,1,14,34,0
finance,basic,death,cheque,east,20735,37,614,1,210,13,0
vehicle,basic,illness,cheque,east,180745,45,752,3,559,14,0
finance,basic,accident,online,south,225534,50,286,1,85,11,0
finance,premium,illness,cheque,west,50066,21,665,2,148,28,0
vehicle,basic,financial_loss,cash,east,236387,63,928,2,699,42,1
vehicle,basic,accident,online,east,139445,74,1844,4,371,32,0
vehicle,premium,theft,cash,east,277836,51,1000,4,479,35,1
vehicle,basic,death,online,south,50541,65,1964,1,150,31,0
vehicle,premium,illness,cheque,west,170129,20,1606,5,140,17,0
finance,basic,accident,online,west,71983,43,750,0,68,9,0
vehicle,basic,financial_loss,online,west,155655,25,1485,3,259,10,0
health,basic,accident,cash,west,158837,23,91,0,520,8,0
life,basic,financial_loss,cash,north,195359,33,1107,1,632,21,1
vehicle,basic,theft,online,north,215747,41,1233,1,370,13,0
vehicle,basic,death,cheque,west,182597,65,795,0,418,5,0
finance,basic,theft,cheque,south,174302,56,1365,3,100,6,0
vehicle,basic,illness,cash,north,292710,47,1282,0,660,30,0
vehicle,basic,accident,cheque,east,257084,62,308,4,657,31,0
vehicle,basic,financial_loss,cash,north,126015,30,1408,2,242,17,0
finance,basic,financial_loss,cheque,east,177257,22,134,5,752,11,1
vehicle,basic,accident,online,west,251536,42,600,4,511,20,0
life,premium,accident,cash,north,229021,37,1304,2,554,9,0
finance,basic,illness,cash,south,135956,71,1727,5,94,2,0
life,premium,theft,online,north,75744,35,562,5,225,37,0
finance,premium,financial_loss,cash,north,78616,64,903,5,517,1,1
vehicle,basic,illness,cheque,north,92438,35,1211,1,213,4,0
life,premium,theft,cheque,west,121841,19,1296,5,717,36,0
finance,premium,illness,cash,south,145558,27,1836,3,66,25,0
health,basic,financial_loss,cheque,north,174934,72,1350,0,395,3,0
vehicle,basic,accident,cash,south,257734,62,1540,3,611,9,0
finance,premium,accident,online,west,63870,67,1640,0,11,22,0
health,premium,theft,cash,east,91694,64,82,4,236,23,1
finance,basic,death,online,north,242068,29,788,4,769,12,0
health,basic,theft,cheque,south,106407,64,1367,0,398,10,0
vehicle,basic,death,online,south,36379,30,678,3,406,34,0
life,basic,illness,cheque,west,241500,67,1584,0,479,43,0
health,premium,illness,cash,north,59353,64,1537,5,646,10,0
finance,basic,financial_loss,cheque,east,186068,74,242,1,221,30,0
vehicle,basic,death,cash,south,281175,72,1162,4,155,22,1
health,premium,financial_loss,cash,north,216144,28,1220,1,653,6,1
finance,basic,accident,online,east,70982,36,1384,5,427,2,0
finance,basic,death,online,south,41683,52,282,5,157,30,0
finance,premium,theft,online,south,119091,56,1046,4,415,2,0
health,premium,accident,online,east,122797,70,528,4,325,32,0
health,basic,accident,cheque,east,11587,43,184,5,370,42,0
health,basic,theft,cheque,west,298624,63,127,2,343,16,0
life,basic,accident,cheque,north,234602,31,1274,1,261,12,0
health,basic,death,cash,north,156599,71,1762,1,282,1,0
health,basic,financial_loss,cheque,west,290713,62,1401,2,228,8,0
health,basic,accident,cheque,south,278295,61,1079,3,279,13,0
life,basic,death,cheque,east,195246,41,1099,1,289,15,0
health,basic,illness,online,east,49739,58,484,0,679,44,0
finance,basic,death,cheque,east,37954,18,1588,5,46,8,0
health,basic,financial_loss,cash,south,248935,68,1047,5,714,10,1
finance,basic,death,online,east,114373,60,1802,2,213,5,0
finance,basic,theft,cash,east,39700,72,88,1,757,19,0
finance,basic,financial_loss,cheque,west,128728,39,1183,3,23,38,0
life,premium,illness,online,south,76045,40,569,1,320,11,0
life,basic,theft,cash,north,149972,73,623,5,273,43,1
life,premium,death,cheque,west,6881,71,361,4,555,20,0
health,premium,financial_loss,cash,west,287933,36,820,0,312,20,1
finance,basic,illness,cash,north,93059,35,651,2,362,21,0
life,basic,theft,cash,west,219566,29,447,4,667,18,1
life,basic,illness,cheque,south,114388,72,1097,3,379,10,0
health,basic,death,cheque,east,203303,45,527,4,710,34,0
life,premium,illness,cash,south,270406,45,147,4,673,26,1
health,basic,accident,online,north,86972,50,196,3,469,30,0
vehicle,basic,theft,online,north,59722,36,1415,4,745,9,0
life,basic,illness,cheque,west,186890,45,382,2,674,31,0
vehicle,basic,death,cheque,south,274045,69,585,5,115,42,0
health,premium,death,cheque,south,122473,66,539,1,604,4,0
finance,basic,illness,cheque,north,275741,54,1721,4,41,6,0
life,basic,death,cheque,south,220286,43,1321,2,795,14,0
health,premium,financial_loss,online,north,248896,52,1037,1,378,4,0
finance,premium,financial_loss,cheque,south,161877,51,1299,1,721,26,0
finance,basic,financial_loss,cash,south,16874,52,1415,4,205,39,1
vehicle,basic,accident,cash,south,229137,57,97,2,465,17,0
health,basic,illness,online,north,281223,33,1994,5,731,19,0
finance,basic,accident,cash,west,100408,55,533,4,279,6,0
life,basic,death,online,south,125606,30,1182,3,647,29,0
life,basic,accident,online,north,125062,40,409,1,617,11,0
vehicle,basic,death,cash,north,17100,71,844,4,117,16,0
finance,basic,death,cheque,south,155872,39,1177,1,236,30,0
health,premium,theft,cash,south,199472,33,893,2,308,25,1
life,basic,financial_loss,cash,west,296581,45,1295,0,455,40,1
finance,basic,death,online,north,239196,65,426,4,474,11,0
finance,basic,theft,cash,north,212609,52,1868,5,99,7,1
vehicle,premium,financial_loss,online,east,156014,62,1646,4,260,26,1
life,basic,death,cheque,north,288006,63,476,1,304,22,0
life,basic,death,cheque,west,278813,25,897,2,353,25,0
health,premium,accident,cheque,east,189844,61,551,3,285,19,0
life,premium,accident,cash,east,283060,72,635,5,327,31,1
health,premium,financial_loss,online,east,278022,72,1554,2,102,26,0
life,basic,death,cheque,south,270129,39,1531,4,62,42,0
vehicle,basic,illness,online,south,209720,38,1042,3,686,41,0
life,premium,accident,online,north,46235,43,782,2,281,36,0
health,premium,financial_loss,cheque,east,286075,57,1680,0,440,23,0
health,basic,death,cheque,west,97876,38,1834,5,292,13,0
vehicle,basic,death,online,south,5336,42,368,1,737,25,0
life,basic,illness,cheque,west,74504,58,123,2,6,2,0
life,premium,financial_loss,online,west,104214,18,1266,2,638,2,0
vehicle,basic,death,online,south,187220,23,550,0,91,16,0
life,basic,accident,cheque,south,118936,40,1197,4,189,9,0
life,basic,illness,cash,south,21279,68,526,5,475,28,0
health,basic,financial_loss,cheque,south,204737,40,638,5,510,13,1
life,basic,illness,cash,east,108751,60,1941,1,461,35,0
life,basic,accident,online,east,76386,60,1685,2,52,41,0
vehicle,premium,financial_loss,online,east,91124,40,967,3,753,13,0
vehicle,basic,illness,cash,east,96911,49,962,2,485,31,0
finance,basic,theft,online,north,202742,47,1763,1,643,21,0
health,basic,accident,cash,east,226094,30,887,2,489,32,0
life,basic,accident,cash,south,242723,60,1797,0,363,34,0
life,basic,accident,online,west,87806,35,784,2,111,8,0
finance,basic,theft,cash,east,212605,40,875,2,408,41,1
life,basic,theft,cheque,north,235097,32,520,3,6,2,0
health,basic,death,cheque,south,202478,50,942,0,741,38,0
finance,basic,illness,online,west,175591,38,1425,0,667,32,0
health,premium,death,online,west,170596,74,870,2,196,40,0
finance,basic,illness,cash,east,169957,56,110,5,734,28,1
finance,premium,theft,cash,west,237204,40,1113,3,366,37,1
vehicle,basic,theft,cash,east,297820,44,218,2,249,41,1
health,premium,death,cash,east,186871,62,1149,2,594,1,0
life,premium,financial_loss,cheque,south,248154,61,1160,1,239,41,0
life,basic,death,cheque,south,77307,35,854,1,379,10,0
health,basic,illness,online,north,299067,41,201,5,470,4,0
life,basic,death,cash,south,240998,68,23,3,774,35,1
life,basic,accident,cash,south,126757,64,646,4,700,10,0
health,premium,illness,online,east,58664,57,1040,1,454,11,0
finance,premium,illness,cash,south,298171,68,1109,4,365,14,1
health,premium,financial_loss,cash,east,171536,59,334,0,289,38,1
finance,basic,theft,cash,east,264438,24,870,1,402,12,1
life,premium,illness,cash,south,155528,67,778,1,57,17,0
life,premium,theft,cash,north,280553,65,396,3,520,16,1
life,basic,death,online,north,205399,37,641,5,303,35,0
vehicle,basic,accident,cash,west,227472,44,311,4,114,2,1
finance,premium,financial_loss,online,west,236182,23,1295,1,209,11,0
vehicle,basic,theft,cash,south,286836,44,1475,1,40,41,1
vehicle,premium,illness,cheque,north,94037,26,1469,3,172,3,0
health,basic,theft,cheque,east,214912,70,899,3,233,29,0
vehicle,premium,illness,cheque,west,190272,62,656,5,792,18,0
health,basic,theft,cheque,east,229135,74,845,4,589,20,1
health,basic,illness,online,west,193487,48,1030,0,619,14,0
vehicle,basic,death,online,south,23074,38,524,5,792,34,0
finance,premium,illness,cash,north,151621,43,1790,0,402,31,0
finance,premium,illness,cheque,west,297107,57,1679,2,38,40,0
finance,basic,accident,online,north,232434,65,640,1,118,42,0
finance,basic,illness,cash,east,237679,62,1337,4,334,18,1
finance,premium,accident,cash,south,57265,30,744,5,335,30,0
vehicle,basic,financial_loss,online,north,21061,66,1550,1,538,25,0
vehicle,premium,accident,cheque,south,164882,40,473,4,615,19,0
life,basic,death,cash,north,118502,37,216,4,73,8,0
finance,basic,accident,cheque,east,289944,54,1140,4,190,28,0
vehicle,basic,financial_loss,cheque,east,261505,71,1036,1,323,8,0
life,basic,death,cheque,south,112228,70,808,5,146,31,0
finance,premium,theft,cash,east,211548,45,481,3,766,3,1
health,basic,theft,cheque,west,295198,34,878,1,283,3,0
life,basic,accident,cash,north,181469,45,464,4,212,44,1
vehicle,premium,accident,cheque,east,18233,58,257,5,634,22,0
health,basic,financial_loss,cash,west,247277,19,1554,2,717,17,1
health,basic,financial_loss,cheque,south,161140,42,756,0,751,36,0
health,premium,illness,online,west,109135,67,1466,4,393,17,0
life,premium,financial_loss,cheque,south,222314,58,1782,2,338,14,0
vehicle,basic,illness,cheque,south,18682,23,985,3,797,9,0
health,premium,death,cash,north,159455,28,858,4,21,30,1
finance,premium,accident,cash,north,229404,74,1689,2,770,21,0
health,basic,death,cheque,west,290810,55,240,4,104,12,0
health,basic,financial_loss,online,north,96198,23,1334,1,465,37,0
life,premium,death,online,north,46830,62,482,5,458,32,0
life,premium,death,cash,north,15234,28,683,2,431,11,0
vehicle,basic,death,online,west,62616,31,1048,5,769,20,0
finance,premium,financial_loss,cheque,east,276365,19,220,1,715,35,0
life,premium,death,cash,north,147482,57,859,1,773,11,0
health,basic,illness,cheque,north,216127,20,139,5,618,8,0
vehicle,basic,financial_loss,cash,west,197485,72,909,2,762,4,1
health,basic,death,cash,east,6051,70,1157,5,220,27,0
health,premium,financial_loss,cash,north,81918,52,414,5,378,44,1
life,basic,theft,cash,south,83116,50,1450,0,221,40,0
vehicle,basic,illness,online,west,233931,41,1322,2,257,38,0
finance,premium,death,cheque,north,213547,36,1274,0,712,30,0
finance,premium,theft,cheque,north,231572,35,1729,4,366,44,1
life,basic,theft,cheque,south,136379,66,1584,5,769,27,0
life,premium,financial_loss,cash,south,61889,69,90,4,348,21,1
vehicle,basic,theft,online,west,231256,41,560,2,224,20,0
finance,premium,illness,cheque,west,43134,62,1870,5,713,4,0
finance,basic,illness,online,south,207834,52,1403,4,737,11,0
finance,basic,accident,cash,west,232579,18,1474,3,235,13,0
health,premium,illness,cheque,south,30954,53,382,1,182,9,0
finance,basic,theft,online,north,191093,42,1418,5,711,4,1
health,basic,illness,cash,south,231999,62,1685,1,757,12,0
vehicle,premium,financial_loss,online,south,215938,66,1079,0,443,9,0
health,premium,accident,cheque,east,206499,60,246,4,622,13,0
vehicle,premium,theft,cheque,south,272136,51,1322,0,5,26,0
finance,premium,accident,cash,south,6961,42,924,5,235,38,0
finance,basic,theft,cash,east,17497,33,1591,1,126,42,0
vehicle,basic,financial_loss,cash,west,261446,51,270,1,103,13,1
life,basic,accident,online,east,280399,46,1148,4,748,39,0
vehicle,basic,death,online,north,140639,36,716,5,479,28,0
life,premium,theft,online,east,240889,40,1945,3,154,19,0
health,basic,death,cash,north,184075,36,1276,3,256,24,0
health,basic,accident,cheque,west,25389,42,74,4,234,19,0
health,basic,death,cheque,east,180595,33,1881,5,499,13,0
finance,premium,death,online,east,218175,71,61,4,288,13,0
health,basic,accident,online,west,8358,68,1410,5,509,28,0
life,basic,financial_loss,cheque,north,257557,26,43,0,551,2,1
health,basic,death,cheque,east,212596,18,805,4,799,10,0
vehicle,premium,death,online,north,259488,59,1471,5,708,22,0
vehicle,basic,financial_loss,online,east,110982,36,1046,3,784,13,0
finance,premium,death,cheque,south,233129,50,1980,5,775,9,0
vehicle,premium,death,cash,east,272842,51,736,5,568,33,1
life,basic,death,online,west,98079,33,829,4,297,14,0
health,premium,illness,cheque,west,60805,61,760,0,609,20,0
finance,premium,financial_loss,cheque,north,167421,57,356,0,136,15,0
health,premium,death,cheque,east,212849,72,1844,0,375,32,0
health,basic,financial_loss,cheque,north,243483,35,1326,0,86,33,0
life,basic,theft,cash,north,49041,51,287,2,418,17,0
vehicle,premium,theft,cheque,south,299098,42,1614,4,753,24,1
vehicle,basic,death,online,south,275146,62,114,1,198,30,0
health,premium,financial_loss,cash,west,112524,23,1021,4,462,13,1
finance,premium,financial_loss,cheque,north,223306,38,1208,2,436,16,0
vehicle,premium,financial_loss,cash,west,24738,23,1966,0,309,2,0
finance,basic,illness,online,east,277847,49,548,2,595,17,0
vehicle,basic,theft,cheque,north,118776,58,1774,3,753,32,0
finance,premium,financial_loss,online,north,185494,65,1822,3,280,43,0
life,premium,financial_loss,cheque,east,197971,60,29,4,322,8,1
finance,basic,illness,cheque,east,299443,56,847,4,763,3,0
life,premium,illness,cheque,west,282785,48,795,1,701,12,0
life,premium,financial_loss,cheque,west,273449,59,742,1,151,20,0
finance,basic,accident,cheque,east,234334,27,61,3,301,16,0
life,basic,financial_loss,cash,west,285926,47,184,0,277,14,1
health,basic,financial_loss,cheque,east,241371,74,236,2,650,16,0
life,basic,illness,cheque,north,82963,69,1922,1,687,43,0
vehicle,basic,illness,cash,north,126987,35,347,5,7,33,0
finance,premium,financial_loss,cash,south,156638,41,481,1,234,30,1
health,basic,financial_loss,cash,north,129591,69,1827,0,674,12,0
finance,basic,financial_loss,cash,east,72766,26,580,0,560,15,0
vehicle,basic,illness,cash,west,11511,48,459,4,301,18,0
vehicle,basic,financial_loss,cash,south,119816,32,1260,2,37,28,0
vehicle,premium,financial_loss,cheque,west,254432,21,293,0,135,23,0
life,basic,death,cheque,east,271909,57,1241,1,420,14,0
life,basic,accident,online,north,156426,26,262,1,218,30,0
finance,premium,theft,cheque,south,291073,62,534,3,347,33,0
finance,basic,accident,cheque,east,164892,26,691,0,545,15,0
health,basic,death,cash,south,116576,43,933,5,78,7,0
health,basic,theft,cash,south,76088,21,233,4,747,15,1
finance,basic,financial_loss,cheque,north,82525,34,1254,2,272,42,0
life,basic,death,online,east,18780,33,600,5,160,38,0
vehicle,basic,financial_loss,cash,west,273733,32,1831,4,686,44,1
finance,basic,illness,cheque,south,109188,52,439,1,307,11,0
health,premium,death,cheque,south,98326,74,886,5,373,29,0
life,basic,illness,online,west,70785,69,1025,4,732,31,0
finance,basic,death,online,east,24309,22,1786,1,8,25,0
finance,premium,death,cash,south,59195,72,406,1,443,24,0
life,basic,illness,online,south,30901,22,626,1,112,19,0
finance,premium,theft,cheque,south,159648,37,1794,1,204,2,0
life,basic,accident,cheque,east,30464,32,92,1,404,22,0
vehicle,premium,financial_loss,online,east,283404,35,588,3,697,20,0
life,basic,death,online,west,129997,64,1921,5,196,33,0
life,basic,financial_loss,online,east,61683,19,1570,4,777,8,0
life,basic,illness,online,east,177502,46,1712,3,773,25,0
finance,premium,financial_loss,cash,north,161177,30,313,3,759,9,1
finance,basic,illness,online,west,83484,21,910,0,114,34,0
life,basic,financial_loss,cash,south,254819,59,347,0,120,23,1
finance,basic,accident,cheque,east,211486,62,440,0,652,5,0
health,premium,accident,online,south,146449,27,181,2,64,25,0
health,basic,accident,cash,south,58592,48,143,0,275,8,0
finance,premium,accident,online,north,143419,58,198,4,238,16,0
finance,basic,accident,cheque,east,60798,25,1214,3,301,15,0
life,basic,accident,cheque,west,140370,20,1246,4,391,1,0
vehicle,basic,illness,cheque,east,248767,65,1192,5,521,22,0
finance,basic,death,online,south,25922,63,1189,0,368,3,0
health,basic,financial_loss,online,west,297410,26,947,2,232,38,0
life,basic,accident,cash,east,231817,47,529,5,194,14,1
finance,premium,illness,cheque,south,7866,70,1836,2,11,36,0
health,basic,illness,online,south,117669,28,1629,5,688,18,0
health,basic,illness,cheque,north,273042,52,1864,3,176,41,0
vehicle,basic,death,cheque,north,285539,54,1070,4,216,18,0
life,basic,financial_loss,cash,north,175091,59,919,1,10,3,1
life,basic,death,cash,south,271150,30,214,4,445,10,1
vehicle,basic,theft,cash,east,170465,53,745,0,629,39,1
vehicle,basic,illness,cash,north,278100,73,866,1,163,1,0
life,premium,theft,cheque,east,126724,30,1303,2,550,27,0
life,premium,accident,cash,north,67901,29,958,3,52,27,0
finance,basic,accident,cash,west,205569,54,1307,3,217,11,0
finance,basic,death,cash,west,122192,27,1279,2,717,5,0
vehicle,premium,financial_loss,cash,north,177646,73,1338,0,359,7,1
finance,basic,theft,cheque,south,298561,26,1748,2,384,19,0
health,basic,financial_loss,cash,north,99881,69,837,5,55,29,1
finance,basic,death,cheque,north,247934,24,144,0,117,15,0
finance,premium,accident,online,south,137659,19,796,1,252,35,0
health,premium,financial_loss,cheque,west,126688,71,550,2,797,37,0
vehicle,basic,financial_loss,cheque,east,120584,73,1849,0,779,12,0
health,basic,accident,cash,north,190782,40,1021,1,179,30,0
finance,basic,theft,online,south,227820,56,1932,2,414,20,0
vehicle,premium,accident,online,north,221896,57,1558,3,234,37,0
finance,basic,financial_loss,online,south,296576,56,61,2,707,3,0
health,basic,theft,online,east,184689,38,116,4,79,9,1
health,premium,theft,cheque,east,170289,40,9,2,646,41,1
finance,basic,accident,online,west,288028,46,1438,4,21,39,0
life,premium,financial_loss,cheque,south,272598,31,1442,1,476,26,0
life,basic,death,cheque,south,79960,43,1210,2,439,2,0
health,basic,financial_loss,cheque,west,107421,68,1041,1,736,23,0
health,basic,illness,online,west,243245,22,1367,1,569,23,0
life,premium,death,cash,south,48618,72,1825,0,92,21,0
life,premium,theft,cash,west,52111,48,1287,1,191,16,0
finance,premium,death,online,east,221750,42,94,1,102,9,0
finance,basic,theft,cash,north,125592,48,620,2,395,13,0
life,premium,theft,cash,east,239000,67,895,2,6,28,1
finance,basic,death,cheque,west,260989,37,702,3,639,27,0
finance,basic,theft,cheque,south,133652,61,1278,0,566,17,0
vehicle,premium,theft,online,south,83672,72,1283,1,230,38,0
finance,basic,illness,online,east,255351,34,1616,0,573,36,0
health,basic,financial_loss,cash,south,222516,62,902,4,239,1,1
finance,basic,financial_loss,cheque,west,66602,19,975,1,89,18,0
finance,basic,illness,online,east,208117,42,1136,0,231,9,0
life,basic,death,online,south,242069,30,672,3,456,13,0
health,basic,accident,online,north,47222,56,598,3,232,40,0
finance,basic,accident,online,north,246084,45,593,1,353,15,0
finance,premium,accident,online,west,247318,59,489,4,332,43,0
vehicle,premium,illness,online,south,70333,72,986,3,438,44,0
finance,basic,illness,cash,west,188804,23,976,3,374,4,0
finance,basic,theft,cheque,east,54420,20,1286,4,291,33,0
vehicle,basic,accident,cheque,north,80504,52,643,0,344,24,0
life,basic,death,online,east,7462,35,1001,3,663,36,0
finance,basic,death,cheque,south,276604,28,1931,2,427,41,0
vehicle,premium,accident,cheque,west,104319,71,286,5,656,10,0
health,basic,accident,cheque,west,261674,37,990,5,129,36,0
life,basic,accident,online,west,145347,22,1116,3,140,20,0
health,basic,illness,online,east,149341,36,1232,0,414,41,0
health,basic,illness,cheque,north,134593,39,20,0,92,44,0
vehicle,premium,illness,cheque,east,127672,36,1179,1,625,11,0
finance,premium,financial_loss,online,east,289697,64,940,2,283,12,0
vehicle,basic,death,cash,south,49036,33,258,0,654,18,0
vehicle,premium,death,cheque,south,153441,41,1216,4,222,30,0
vehicle,basic,theft,cash,south,147867,58,333,2,743,44,0
vehicle,premium,illness,cheque,north,75021,21,548,5,462,37,0
life,premium,financial_loss,cash,north,166215,32,787,2,544,20,1
finance,basic,financial_loss,cash,south,241304,42,1001,4,275,25,1
health,basic,death,cash,south,10368,61,1425,3,681,12,0
health,basic,illness,online,north,140693,72,1545,4,139,21,0
finance,basic,theft,cash,west,63829,52,1487,4,356,25,1
health,premium,illness,cash,north,281863,72,1358,3,712,11,0
finance,basic,accident,cash,north,34227,31,1848,3,22,9,0
health,basic,illness,cheque,north,114430,66,849,3,735,25,0
vehicle,premium,accident,cash,south,17306,36,1197,3,269,35,0
health,premium,accident,cheque,west,58822,55,1721,3,664,32,0
finance,basic,theft,cash,north,29042,53,370,4,332,14,1
finance,basic,death,cash,south,153459,24,1206,1,84,1,0
finance,basic,illness,online,east,94424,47,659,1,620,17,0
finance,basic,accident,cheque,east,187690,36,1390,0,30,25,0
finance,premium,illness,cash,north,228122,66,764,1,740,8,0
life,basic,death,cheque,east,154395,42,643,5,239,5,0
life,basic,death,cheque,west,23019,33,1803,1,362,5,0
health,basic,financial_loss,online,east,45863,64,1068,4,388,41,0
finance,basic,death,online,east,116023,71,928,3,652,35,0
health,premium,theft,online,west,146355,57,420,3,667,19,0
finance,premium,accident,online,north,67780,68,1383,4,298,23,0
finance,basic,financial_loss,online,north,290052,25,259,5,370,9,1
life,basic,theft,online,west,197656,35,1171,1,98,30,0
life,basic,illness,online,west,174024,45,1780,4,46,16,0
vehicle,premium,accident,online,west,105706,33,1768,0,421,33,0
life,premium,death,cash,east,173735,69,1881,3,479,2,0
vehicle,basic,accident,cheque,west,127019,36,714,2,578,14,0
vehicle,premium,illness,online,south,197453,59,581,0,61,1,0
vehicle,premium,financial_loss,online,east,184001,34,904,5,108,26,1
vehicle,basic,financial_loss,cheque,north,276487,62,15,0,678,25,1
vehicle,premium,financial_loss,cash,north,105260,30,1648,4,548,16,1
health,basic,death,cheque,north,175863,24,30,1,118,15,0
life,basic,theft,cheque,east,165206,44,961,3,597,26,0
vehicle,basic,theft,online,south,183173,27,425,5,381,44,1
finance,basic,accident,cheque,west,74443,51,1691,5,391,16,0
life,basic,death,cheque,west,235183,53,1249,2,51,14,0
life,premium,financial_loss,online,north,140899,42,1881,0,602,29,0
vehicle,basic,financial_loss,online,north,101143,23,500,2,288,24,0
health,premium,illness,online,east,198725,41,1265,1,336,15,0
vehicle,basic,illness,online,south,149771,35,241,1,203,19,0
health,basic,financial_loss,cheque,west,253044,40,1013,2,237,8,0
finance,basic,financial_loss,cheque,east,141385,23,223,3,381,34,0
life,basic,death,cash,west,149670,46,1515,1,666,2,0
finance,premium,theft,cash,north,116362,42,1964,2,751,27,0
health,basic,illness,cheque,west,251517,72,465,0,135,10,0
health,basic,theft,cash,south,295951,34,667,2,406,35,1
finance,basic,death,cheque,south,205462,63,639,2,507,23,0
health,premium,financial_loss,cash,north,181298,41,1172,4,361,8,1
finance,premium,theft,online,south,64550,28,994,1,380,28,0
life,premium,financial_loss,cash,south,270702,43,193,3,575,23,1
finance,basic,financial_loss,online,east,191950,68,259,3,634,4,0
life,basic,accident,online,west,63219,51,72,4,253,14,0
finance,basic,theft,online,north,171258,45,620,5,476,42,1
health,basic,theft,online,north,169841,20,340,3,113,29,0
finance,basic,financial_loss,cash,north,256004,28,675,2,19,1,1
health,basic,death,cheque,north,262336,55,825,4,527,4,0
finance,basic,accident,online,north,241495,31,878,0,144,32,0
finance,basic,financial_loss,cash,south,58218,68,1437,1,207,33,0
vehicle,premium,illness,online,east,286373,43,304,1,530,26,0
health,basic,illness,cash,north,32877,65,1936,1,375,17,0
vehicle,basic,accident,cash,east,194073,38,1630,2,503,39,0
health,premium,death,cash,east,152878,71,361,0,165,23,0
vehicle,basic,financial_loss,cheque,south,224707,73,260,4,549,32,1
life,premium,theft,cash,north,246249,56,1012,4,180,15,1
finance,basic,accident,cash,south,42034,47,357,1,616,13,0
health,basic,death,cheque,north,176389,25,1760,0,611,2,0
health,premium,theft,cheque,south,193868,68,1549,0,601,19,0
finance,premium,illness,cash,east,15589,37,528,0,443,24,0
health,premium,illness,cheque,north,62221,65,1865,3,331,24,0
health,basic,theft,online,west,260927,49,954,3,502,11,0
vehicle,basic,accident,online,east,268801,39,760,1,78,22,0
health,basic,illness,cheque,west,122229,24,1722,0,584,15,0
life,basic,financial_loss,cheque,east,57227,26,288,5,687,10,0
life,premium,theft,cash,south,270308,62,1340,0,395,41,1
finance,basic,theft,cheque,north,98078,18,103,4,607,27,0
health,premium,illness,cash,east,240113,46,201,4,102,9,1
finance,basic,accident,online,south,55599,25,486,1,401,28,0
life,basic,financial_loss,cheque,north,251367,73,882,5,223,1,1
health,basic,accident,cash,north,194651,71,1254,0,517,17,0
health,premium,death,cash,east,73207,21,1873,5,633,31,0
finance,premium,death,online,north,116426,52,619,1,235,44,0
life,premium,illness,cheque,east,139794,20,622,4,426,10,0
health,premium,illness,online,north,176103,71,1393,4,115,37,0
finance,premium,illness,cash,west,215307,62,372,3,162,29,0
life,premium,death,cash,south,26438,57,574,1,225,18,0
finance,basic,accident,cheque,west,63819,24,594,1,229,38,0
vehicle,basic,accident,cash,east,48856,44,1103,0,181,39,0
health,basic,illness,cheque,west,64807,18,1070,0,248,6,0
vehicle,premium,financial_loss,online,east,48461,44,426,3,317,40,0
life,premium,accident,cheque,north,98474,33,840,2,209,12,0
vehicle,basic,death,cheque,north,287579,55,1209,5,655,14,0
vehicle,premium,theft,cash,east,220189,24,549,2,391,44,1
life,premium,theft,cash,west,259730,61,75,2,95,10,1
finance,basic,theft,cheque,north,251732,40,1596,1,755,20,0
vehicle,basic,financial_loss,cash,south,167793,58,1133,5,85,15,1
finance,premium,illness,cash,north,59786,28,1228,1,414,31,0
vehicle,basic,death,cash,south,280848,59,1129,5,393,7,1
finance,premium,financial_loss,cheque,west,61635,70,772,4,695,41,0
life,basic,death,cash,south,245909,50,311,1,632,10,0
vehicle,premium,death,cheque,south,250984,67,1614,1,500,10,0
life,premium,illness,cash,south,117752,53,1711,1,603,39,0
vehicle,premium,theft,online,south,216194,54,381,3,581,28,0
life,basic,illness,cash,north,233584,58,659,1,132,30,0
life,premium,financial_loss,cash,south,137886,34,682,0,790,37,0
vehicle,premium,financial_loss,cheque,north,83537,52,403,0,648,3,0
vehicle,basic,financial_loss,cheque,south,152580,65,1801,5,313,43,1
vehicle,premium,illness,cash,east,90166,22,225,4,698,15,0
health,basic,death,online,west,214988,65,1623,3,220,21,0
finance,basic,death,cash,south,199840,49,186,5,437,37,1
health,basic,accident,cash,east,39785,20,311,0,45,12,0
health,basic,financial_loss,online,south,168052,69,526,3,789,4,0
life,basic,death,cheque,south,236791,64,1424,3,191,9,0
vehicle,premium,accident,cash,south,71253,52,1018,4,519,39,0
finance,basic,death,cheque,east,96128,69,8,3,378,42,0
life,premium,financial_loss,cheque,west,166081,31,867,1,787,28,0
health,basic,theft,online,east,115966,65,1942,3,690,23,0
vehicle,basic,financial_loss,online,west,142854,48,852,4,333,40,0
life,basic,illness,cheque,south,104352,48,808,5,38,44,0
vehicle,premium,death,cash,north,144379,34,1309,4,292,22,0
life,basic,death,cheque,south,228279,41,219,4,689,24,0
vehicle,premium,illness,cash,west,242281,69,976,0,161,26,0
health,premium,illness,cash,east,113297,40,1638,1,330,30,0
finance,premium,theft,online,south,211946,35,1448,0,103,33,0
health,basic,death,cash,east,43346,67,105,5,160,16,0
finance,basic,death,cash,east,117138,71,967,2,798,22,0
vehicle,premium,theft,cheque,east,45149,31,1549,5,634,43,0
life,basic,accident,online,south,163598,67,577,1,53,18,0
health,premium,theft,cash,east,133447,32,1337,3,33,7,0
finance,basic,financial_loss,cash,east,10695,32,662,4,241,26,1
health,premium,death,online,south,44169,23,943,2,112,8,0
finance,premium,illness,cheque,east,183296,44,1959,1,317,6,0
health,premium,financial_loss,online,south,161625,32,1538,0,22,30,0
finance,basic,death,online,west,191098,67,1091,4,557,39,0
finance,premium,theft,cash,west,197994,53,1661,5,646,23,1
vehicle,basic,financial_loss,cash,west,6881,72,230,0,117,32,0
finance,basic,death,cheque,east,84211,25,109,1,700,22,0
vehicle,premium,accident,cash,north,161078,32,776,1,642,42,0
finance,premium,accident,cash,north,232203,20,1889,5,211,43,1
life,premium,illness,online,east,200558,64,1453,2,417,9,0
life,premium,death,cash,north,141949,30,1283,5,112,31,0
life,basic,accident,cheque,south,44553,58,433,3,43,7,0
finance,basic,theft,online,north,140758,51,438,0,127,9,0
vehicle,premium,death,cheque,east,37766,41,1235,2,157,13,0
vehicle,basic,theft,online,east,299150,57,1056,4,784,3,1
finance,basic,theft,cash,south,36422,49,686,3,393,35,0
life,basic,accident,online,west,279349,49,1364,2,511,33,0
life,basic,death,online,east,159599,47,592,0,44,21,0
vehicle,basic,financial_loss,cash,south,247555,69,1656,1,107,31,1
life,basic,accident,cash,north,33202,66,1097,4,218,34,0
health,basic,accident,cheque,north,218456,30,870,5,442,32,0
vehicle,basic,death,cheque,south,25855,18,750,0,314,35,0
life,premium,death,cash,south,196444,51,1541,3,176,15,0
vehicle,basic,theft,cash,east,292239,32,1195,3,227,32,1
health,basic,death,cash,north,108119,61,868,1,702,6,0
vehicle,premium,theft,online,south,57003,31,1758,1,671,21,0
vehicle,basic,accident,online,north,99837,74,1813,4,266,33,0
vehicle,premium,illness,online,south,228068,46,372,5,378,32,0
vehicle,premium,financial_loss,cash,north,128805,51,255,4,488,19,1
health,basic,accident,cheque,west,290071,35,863,1,701,33,0
finance,basic,death,cash,east,120657,71,860,1,686,28,0
vehicle,premium,financial_loss,online,north,109428,24,1959,3,289,31,0
vehicle,premium,illness,online,west,127035,46,1714,1,356,21,0
life,basic,illness,cash,north,235780,72,1198,2,656,34,0
vehicle,premium,theft,cash,north,222282,48,1786,0,743,15,1
life,basic,financial_loss,online,west,74518,42,1963,1,203,14,0
finance,premium,theft,online,north,181355,55,1118,4,212,19,1
health,basic,accident,online,north,148277,31,565,5,551,43,0
health,premium,financial_loss,cash,east,125243,25,1474,5,786,15,1
finance,premium,accident,online,west,279892,44,298,5,322,6,0
health,premium,theft,online,west,58311,71,923,2,593,9,0
finance,basic,financial_loss,cheque,south,27692,19,1178,4,180,37,0
finance,basic,theft,cash,north,129954,34,1160,2,498,20,0
finance,basic,financial_loss,cheque,east,159934,54,437,1,319,34,0
health,basic,theft,cheque,north,226468,31,63,0,82,38,0
life,basic,illness,online,north,85152,42,973,5,302,26,0
finance,premium,theft,cash,south,9926,73,840,4,261,18,1
vehicle,basic,illness,online,north,8969,47,203,5,783,28,0
health,basic,theft,cash,east,40733,46,219,2,199,9,0
finance,premium,financial_loss,cheque,east,46743,37,902,3,239,32,0
finance,premium,financial_loss,cash,south,135193,38,1589,1,691,6,0
vehicle,premium,financial_loss,online,north,175948,70,476,0,682,14,0
life,premium,death,online,east,25323,39,1772,1,294,28,0
life,basic,accident,online,north,283572,52,251,3,511,24,0
life,basic,financial_loss,cash,north,39578,54,386,0,688,13,0
finance,premium,illness,cheque,north,91486,33,995,3,395,43,0
finance,premium,financial_loss,cheque,south,262450,67,1267,1,748,12,0
finance,basic,death,cash,north,112325,66,931,2,137,19,0
health,premium,illness,online,east,273508,60,1395,1,128,21,0
vehicle,basic,death,cheque,north,136763,34,1196,1,48,27,0
finance,basic,illness,online,east,262971,33,564,1,675,19,0
vehicle,basic,theft,cash,north,100598,72,1079,4,788,24,1
vehicle,basic,accident,online,east,202539,19,1839,3,292,26,0
life,basic,accident,cheque,east,181968,21,1638,3,627,28,0
health,basic,death,cheque,north,62062,38,1979,5,535,18,0
finance,premium,accident,online,north,233338,56,1756,3,310,44,0
life,basic,death,cash,east,215834,51,693,5,536,36,1
life,basic,death,online,west,149933,47,384,4,638,42,0
finance,premium,death,cash,south,232909,23,478,2,233,29,0
vehicle,premium,accident,online,west,93302,34,1108,5,208,17,0
life,premium,death,cheque,west,68928,56,701,1,604,4,0
vehicle,premium,accident,cash,north,219303,42,1395,2,93,44,0
health,premium,death,cash,south,46347,22,1489,4,326,29,0
vehicle,basic,financial_loss,cash,west,8121,22,915,3,224,4,0
health,basic,death,cheque,north,88793,37,1567,5,791,10,0
vehicle,basic,illness,online,west,33164,33,1480,1,10,25,0
life,basic,death,cheque,west,292635,68,1492,0,328,31,0
life,basic,theft,cash,north,64222,58,964,0,11,3,0
health,premium,death,online,north,159237,54,482,2,34,2,0
finance,basic,illness,cheque,north,8748,57,1008,3,446,25,0
health,basic,illness,cash,south,31553,26,930,0,451,6,0
health,basic,accident,cash,west,121547,22,1448,2,739,26,0
vehicle,premium,financial_loss,cheque,north,65380,59,711,4,219,8,0
vehicle,basic,death,cheque,east,49331,74,1242,2,440,35,0
health,premium,accident,cheque,west,232105,19,1397,2,652,27,0
life,basic,financial_loss,cash,east,125617,26,858,2,534,25,0
vehicle,basic,death,cheque,south,80910,60,1142,1,594,18,0
finance,basic,theft,cash,north,212288,53,1021,2,228,1,1
vehicle,premium,death,cheque,east,15068,39,758,5,343,39,0
vehicle,basic,illness,cash,south,59460,39,507,2,79,3,0
finance,premium,illness,cash,north,51418,39,1664,1,352,4,0
health,basic,theft,online,east,293350,51,821,1,395,41,0
finance,basic,accident,cheque,east,133180,72,592,4,289,37,0
health,premium,financial_loss,cheque,south,267431,46,1339,3,454,15,0
health,premium,death,cash,north,27337,55,1497,0,670,8,0
health,premium,illness,cash,north,156738,63,1852,0,127,38,0
finance,premium,accident,cash,east,252667,50,712,2,701,19,0
health,premium,theft,online,east,137233,35,1891,4,542,26,0
life,premium,illness,online,east,103064,24,1072,2,358,39,0
finance,premium,theft,cash,north,251686,18,1443,0,526,10,1
life,premium,death,cheque,south,8178,50,1726,1,312,38,0
health,premium,financial_loss,cheque,south,36831,18,1883,3,74,14,0
vehicle,premium,illness,online,north,138248,41,1274,4,545,41,0
health,premium,illness,online,west,108306,21,1977,1,195,19,0
life,basic,death,cash,south,169726,21,1112,3,28,30,0
life,premium,accident,cheque,east,259292,35,211,4,705,5,0
finance,premium,financial_loss,cash,west,188622,44,155,4,15,31,1
vehicle,basic,illness,online,west,180982,60,672,0,422,7,0
finance,premium,financial_loss,cheque,south,95417,49,532,1,588,19,0
life,basic,illness,cheque,west,194323,50,169,4,592,31,0
health,basic,financial_loss,online,west,16984,45,921,5,404,39,0
vehicle,premium,theft,cash,south,94312,59,1173,4,635,24,1
health,basic,illness,cash,south,197458,58,1014,3,530,34,0
health,premium,financial_loss,cheque,west,88291,72,41,0,613,23,0
vehicle,premium,accident,online,east,274279,53,337,2,76,40,0
finance,basic,theft,cheque,north,5320,23,407,0,228,6,0
health,basic,theft,online,west,157756,33,418,2,296,38,0
life,basic,accident,cash,west,231921,51,49,1,509,41,1
health,premium,financial_loss,online,east,184971,40,1430,1,714,36,0
vehicle,premium,death,cash,west,260083,67,210,4,572,27,1
vehicle,premium,accident,online,west,114863,59,66,5,537,11,0
vehicle,basic,financial_loss,cheque,north,46777,41,424,1,582,5,0
finance,premium,accident,cash,north,51250,73,872,4,614,17,0
health,basic,accident,cheque,north,185418,66,1496,0,325,7,0
finance,premium,illness,cheque,south,220834,30,824,1,362,27,0
finance,basic,financial_loss,cash,south,20216,73,23,0,668,15,1
vehicle,premium,death,cash,north,8009,35,369,0,358,13,0
vehicle,basic,illness,cheque,north,165399,71,1328,5,705,11,0
finance,premium,accident,cheque,south,150281,30,1035,1,786,26,0
health,basic,accident,cheque,east,184515,66,1789,0,323,22,0
life,premium,accident,cheque,west,20029,54,432,5,697,28,0
finance,premium,financial_loss,cash,west,215515,60,1145,5,325,24,1
health,basic,financial_loss,cash,north,193069,56,584,1,624,29,1
vehicle,premium,illness,cheque,east,119456,59,1535,5,164,9,0
vehicle,premium,death,online,south,247471,34,550,1,572,42,0
health,basic,illness,online,north,38783,32,1734,1,603,4,0
life,basic,theft,cash,east,39152,35,329,2,797,18,0
vehicle,premium,accident,cheque,east,63741,40,59,0,454,43,0
vehicle,basic,accident,cheque,east,34092,71,782,3,152,16,0
vehicle,basic,accident,cash,south,153725,68,996,1,736,33,0
health,basic,illness,online,south,235636,47,46,0,126,29,0
finance,premium,illness,online,west,176541,51,1325,5,192,39,0
vehicle,basic,accident,online,west,259136,21,235,4,626,10,0
finance,premium,illness,cash,east,166050,20,457,1,773,9,0
life,premium,financial_loss,online,east,92592,24,1918,5,529,31,0
vehicle,premium,financial_loss,cash,south,48169,73,398,5,9,28,1
vehicle,premium,illness,cash,west,59745,35,1550,5,91,3,0
life,basic,accident,cheque,east,115168,59,1386,5,138,14,0
vehicle,premium,illness,online,west,118985,24,1472,5,480,25,0
finance,basic,illness,cash,west,272687,57,1156,1,448,15,0
health,basic,illness,online,east,192464,23,695,3,332,2,0
finance,basic,theft,online,south,26067,39,1433,2,339,24,0
health,basic,financial_loss,cheque,east,56033,18,396,5,51,14,0
health,premium,death,online,east,50256,21,1221,5,706,7,0
finance,premium,death,cheque,west,226705,63,608,2,465,36,0
finance,basic,theft,cash,east,244455,66,885,1,717,24,1
finance,basic,illness,online,south,205417,69,1771,0,798,27,0
finance,premium,theft,cash,east,91803,67,1106,4,474,37,1
life,basic,theft,online,south,208814,60,89,4,400,38,1
vehicle,basic,accident,cash,south,123843,46,1058,0,438,30,0
health,basic,financial_loss,online,west,33992,38,1753,1,604,27,0
finance,premium,death,online,north,217603,43,53,4,656,39,1
finance,premium,illness,online,north,53803,31,1805,2,597,15,0
finance,basic,death,online,west,199549,26,1173,0,508,26,0
life,basic,death,online,east,149282,64,73,3,152,1,0
finance,premium,financial_loss,online,west,31270,29,1086,1,513,4,0
finance,premium,death,online,south,249929,59,701,0,502,29,0
finance,basic,death,online,north,12452,68,1602,4,771,1,0
vehicle,premium,theft,online,west,19859,73,483,1,675,43,0
life,basic,financial_loss,cash,east,37083,68,824,2,5,22,0
finance,basic,accident,cheque,west,116462,23,1473,1,499,11,0
health,premium,illness,online,north,152735,37,1324,1,660,10,0
health,basic,death,cheque,west,254737,41,1706,2,716,17,0
health,premium,illness,online,west,286197,44,1199,5,117,36,0
life,basic,accident,online,north,147157,55,1603,2,484,26,0
life,basic,illness,cash,south,195167,25,151,1,600,21,0
health,premium,accident,cash,south,74517,18,1512,2,665,13,0
finance,basic,theft,cheque,north,157225,71,1334,5,678,9,1
life,premium,death,cash,west,141319,66,1701,0,467,11,0
health,basic,accident,cash,north,231453,66,1681,2,160,11,0
health,basic,illness,cheque,south,141645,41,1874,2,269,6,0
finance,basic,death,cash,east,84267,64,1020,1,55,1,0
vehicle,premium,theft,online,west,143261,24,613,0,227,6,0
life,basic,death,cheque,south,136004,36,450,3,148,13,0
finance,premium,accident,cheque,west,58687,39,225,3,45,22,0
health,basic,theft,online,north,112615,74,1583,4,143,31,0
health,premium,illness,cash,east,32564,72,1973,2,749,22,0
finance,basic,theft,cheque,north,295979,52,1832,2,783,37,0
life,premium,theft,cheque,east,12697,47,1406,0,631,27,0
vehicle,premium,financial_loss,online,west,85165,46,1648,5,339,14,0
vehicle,premium,theft,online,west,209994,39,1294,3,412,5,0
health,premium,theft,cash,north,62823,28,99,4,731,36,1
life,premium,death,cheque,east,14615,37,266,0,519,32,0
vehicle,premium,illness,cash,east,81436,46,1853,2,343,34,0
life,basic,death,cash,west,196591,68,901,3,386,7,0
life,basic,death,online,north,39782,58,1099,4,472,42,0
health,premium,accident,cheque,east,83533,59,1982,1,274,10,0
vehicle,premium,death,cheque,west,245011,51,223,3,352,17,0
finance,premium,financial_loss,cheque,south,194327,18,1561,4,65,30,1
health,basic,financial_loss,online,north,77684,48,96,0,78,21,0
vehicle,basic,accident,online,south,262165,47,131,1,597,13,0
vehicle,basic,illness,online,north,220356,65,84,4,635,1,0
vehicle,premium,illness,online,west,221621,35,1852,4,201,1,0
vehicle,basic,death,online,east,240295,72,1266,2,661,33,0
vehicle,basic,death,cheque,east,256435,34,987,5,557,38,0
life,basic,death,cash,east,262424,55,1400,3,112,25,0
health,basic,illness,cheque,north,273782,31,920,2,90,26,0
life,basic,theft,cash,west,38377,40,490,1,140,13,0
finance,basic,financial_loss,online,south,111244,42,698,5,288,28,0
vehicle,premium,theft,cash,west,179188,32,29,4,729,33,1
health,basic,theft,cheque,south,218363,63,160,2,588,37,0
vehicle,basic,illness,cheque,north,28382,73,1545,5,410,41,0
health,basic,theft,cash,north,251375,39,636,3,376,30,1
life,basic,accident,online,south,192135,20,1817,1,383,8,0
health,basic,death,online,south,158466,73,1558,0,151,1,0
finance,basic,accident,cheque,south,239318,72,1971,2,750,12,0
finance,premium,financial_loss,cash,west,136936,36,1738,1,626,5,0
health,basic,death,online,south,128664,74,1085,0,318,24,0
health,premium,theft,online,north,157027,61,1633,2,368,6,0
health,premium,financial_loss,cheque,north,108533,51,23,1,605,25,0
health,premium,death,online,east,252997,52,1412,1,559,1,0
finance,basic,theft,cash,south,74590,67,1893,5,702,25,1
vehicle,basic,accident,cheque,west,249936,18,1221,2,461,1,0
health,basic,death,cheque,west,53924,69,241,1,11,32,0
health,basic,theft,cash,west,14726,38,1415,4,155,42,1
finance,premium,accident,cheque,east,196896,46,1454,2,683,42,0
finance,basic,financial_loss,online,north,45542,23,281,1,476,3,0
life,basic,financial_loss,online,west,39753,54,1255,5,400,19,0
health,premium,financial_loss,cash,north,288460,18,749,0,176,43,1
life,premium,financial_loss,online,east,238979,68,556,0,340,29,0
finance,basic,illness,cash,south,89698,18,1351,4,56,2,0
finance,basic,death,cash,south,283104,44,1181,2,447,9,0
vehicle,basic,death,online,south,35791,38,643,5,202,17,0
health,basic,illness,cash,west,292360,70,241,1,696,36,0
life,basic,theft,online,south,78290,33,1002,1,632,17,0
finance,basic,theft,cheque,west,52014,61,59,0,737,12,0
finance,basic,financial_loss,cheque,east,140150,71,1464,5,201,20,0
life,basic,accident,cash,east,55519,57,688,4,329,3,0
vehicle,basic,theft,online,west,271186,43,113,0,362,43,0
finance,basic,accident,online,north,54052,33,1894,0,453,4,0
health,basic,death,cheque,south,19389,45,1212,4,355,17,0
finance,premium,accident,cheque,south,73111,18,1979,2,215,37,0
health,premium,death,online,south,162753,53,1396,1,554,42,0
life,basic,illness,cash,west,94524,27,1226,2,22,15,0
health,basic,illness,cheque,east,291848,60,1399,5,154,33,0
life,basic,financial_loss,cash,south,99913,34,377,3,185,16,0
health,premium,theft,cash,east,99108,74,977,3,248,11,0
life,premium,financial_loss,cheque,south,259803,40,1525,3,748,20,0
health,basic,death,cash,south,274637,24,1627,4,133,38,1
vehicle,premium,financial_loss,cash,west,74639,61,205,0,320,24,0
health,basic,accident,online,north,236452,70,853,2,389,16,0
health,basic,death,cash,west,139066,24,513,1,433,30,0
vehicle,premium,illness,online,south,205352,61,1350,3,21,34,0
finance,premium,theft,cheque,south,133674,32,279,2,599,1,0
finance,premium,death,cheque,north,10594,51,215,3,664,24,0
health,premium,death,online,east,241907,63,508,3,124,24,0
vehicle,basic,accident,cheque,east,274515,62,1931,1,78,9,0
health,premium,theft,cash,south,52315,21,1146,5,50,22,1
life,basic,illness,cash,east,219636,31,707,5,727,12,1
life,premium,death,cash,south,132251,31,1582,5,175,17,0
health,basic,death,cheque,north,237520,33,46,4,252,25,1
finance,premium,accident,cash,north,84526,24,319,0,245,28,0
finance,basic,financial_loss,cheque,south,248459,49,792,4,738,15,1
health,premium,illness,cash,north,152698,36,333,2,105,30,0
health,basic,theft,online,west,242330,19,1045,4,192,27,1
life,premium,death,cheque,west,110573,27,287,2,315,22,0
finance,basic,death,cheque,north,142900,67,947,2,301,10,0
health,basic,illness,cash,south,240707,34,262,0,547,31,0
life,basic,financial_loss,cheque,south,188736,54,579,1,715,27,0
finance,basic,death,cheque,north,153955,29,578,0,778,12,0
vehicle,premium,illness,online,east,179131,23,616,5,267,31,0
life,basic,accident,online,west,179004,39,1047,5,169,32,0
finance,premium,financial_loss,cash,east,269179,49,1557,4,550,32,1
finance,basic,theft,online,south,114767,58,841,2,454,41,0
life,basic,death,cash,south,22241,37,427,3,650,35,0
vehicle,premium,illness,cash,east,57975,18,1494,3,291,21,0
life,premium,accident,cash,north,159226,71,1401,2,563,10,0
finance,basic,theft,cheque,east,61396,64,762,0,798,16,0
health,basic,illness,online,east,123920,70,767,1,140,7,0
health,premium,illness,cash,west,199999,23,1995,0,145,4,0
life,basic,theft,online,west,91226,36,1109,2,424,27,0
finance,premium,accident,cash,east,89719,35,1579,2,313,25,0
health,premium,accident,online,east,68014,23,1576,1,183,31,0
finance,premium,financial_loss,online,south,44346,62,428,4,663,11,0
life,basic,death,cash,west,75411,50,433,4,712,20,0
health,premium,theft,cheque,west,190550,40,1416,1,127,36,0
finance,basic,theft,online,south,148326,40,1949,4,286,17,0
health,basic,theft,cheque,north,191806,43,1737,3,252,11,0
life,basic,accident,cheque,west,51121,30,1698,4,777,30,0
finance,basic,death,cash,west,217490,24,208,4,699,35,1
health,premium,financial_loss,cash,north,89577,32,200,4,385,41,1
life,premium,illness,cash,west,254106,61,732,3,229,38,0
health,premium,illness,online,west,140909,44,289,4,270,22,0
health,basic,theft,cash,north,6466,43,1997,5,770,43,1
vehicle,basic,death,cash,north,297915,50,200,3,414,27,0
vehicle,basic,accident,online,east,234638,32,311,1,197,37,0
life,premium,death,online,south,93422,53,1692,0,322,35,0
vehicle,basic,death,cash,south,269037,62,18,1,55,4,1
life,premium,accident,cash,north,297717,72,1865,0,202,16,0
vehicle,basic,theft,cash,north,101907,44,1174,1,782,16,0
health,basic,death,cash,west,213434,74,1966,5,620,21,1
life,premium,illness,cheque,east,223532,22,1085,0,627,26,0
life,basic,accident,cheque,east,263093,19,727,0,603,36,0
health,premium,financial_loss,cash,north,157271,72,784,2,137,19,1
life,premium,theft,cheque,west,210400,50,1238,0,421,17,0
life,basic,accident,online,west,172477,33,533,0,56,26,0
vehicle,basic,financial_loss,cheque,south,234304,40,802,2,561,22,0
life,basic,financial_loss,cheque,south,20989,55,348,4,70,28,0
finance,premium,death,cash,west,296075,72,1743,4,593,1,1
health,basic,death,cheque,south,276434,33,1639,2,371,44,0
vehicle,premium,death,cheque,north,126136,31,1307,3,616,36,0
vehicle,premium,accident,cheque,west,212370,46,213,0,599,43,0
finance,premium,accident,cheque,south,131299,43,645,0,513,37,0
health,basic,theft,online,east,166205,52,1363,2,83,2,0
health,premium,death,cash,west,248688,32,1316,2,42,17,0
vehicle,premium,financial_loss,cash,west,110686,20,256,3,665,40,0
life,basic,illness,online,east,87666,40,1293,5,605,38,0
vehicle,basic,theft,cheque,north,193728,46,275,4,132,21,1
health,premium,accident,online,east,140705,51,1952,1,394,9,0
finance,basic,theft,cheque,west,112573,50,924,5,64,13,0
vehicle,premium,theft,online,north,233892,58,1728,4,289,11,1
health,basic,theft,cash,south,274152,58,423,0,375,16,1
vehicle,basic,theft,cash,south,163477,40,1754,5,768,16,1
life,premium,illness,cash,south,253141,24,799,2,466,2,0
vehicle,basic,death,cheque,west,95909,20,1239,3,212,42,0
vehicle,basic,financial_loss,cheque,east,156899,49,1393,4,147,44,1
health,basic,theft,online,north,65354,48,1104,3,572,8,0
health,basic,theft,online,south,23157,35,1688,4,470,43,0
health,basic,theft,cash,north,40315,60,1349,5,148,42,1
vehicle,basic,death,cheque,west,150486,24,729,0,87,13,0
life,premium,accident,online,south,263669,58,437,1,323,17,0
finance,basic,accident,cheque,west,137018,18,113,3,395,39,0
finance,premium,illness,cheque,east,281837,31,645,3,789,24,0
health,basic,accident,cash,west,294385,69,1550,1,403,3,0
health,premium,theft,cash,west,100790,49,1075,3,81,30,0
vehicle,basic,theft,cheque,east,77255,23,383,3,640,13,0
finance,premium,theft,cheque,north,200829,56,1855,4,285,19,1
health,basic,illness,cheque,east,177275,27,1124,4,381,7,0
life,basic,theft,cheque,east,197933,24,962,1,791,9,0
life,basic,accident,cash,west,266439,43,107,0,269,19,0
health,basic,death,online,north,16350,51,896,5,291,40,0
health,basic,death,cash,south,191584,47,858,5,452,22,1
finance,basic,financial_loss,online,east,106894,53,1174,3,714,18,0
finance,premium,accident,cheque,north,36728,38,1908,0,23,23,0
vehicle,basic,theft,online,east,284720,34,1970,1,310,2,0
finance,basic,death,cash,east,88384,50,1956,1,460,11,0
life,premium,accident,cash,east,5390,27,1055,4,207,31,0
life,premium,death,cheque,east,16569,68,1760,3,791,33,0
health,basic,theft,cash,west,27490,64,534,2,716,14,0
finance,basic,death,cheque,north,273011,59,683,1,663,16,0
vehicle,basic,financial_loss,cash,north,85820,68,1973,3,437,11,0
life,premium,financial_loss,cash,north,276265,29,993,0,537,33,1
life,premium,death,cheque,east,6539,73,1110,4,705,7,0
vehicle,basic,accident,online,west,68965,33,432,5,335,31,0
vehicle,premium,accident,cash,east,102799,58,1612,0,421,14,0
life,premium,accident,online,east,98948,49,826,1,749,28,0
life,basic,death,cash,north,148314,32,1507,1,320,43,0
vehicle,premium,accident,cash,east,253099,44,1794,0,496,16,0
life,basic,theft,cash,south,276091,45,1190,1,586,19,1
health,basic,financial_loss,cash,east,248322,34,1867,3,162,17,1
health,basic,theft,online,south,207538,63,936,1,540,26,0
vehicle,basic,accident,online,east,239778,67,1430,4,164,6,0
finance,basic,theft,cash,west,260821,19,1536,3,697,43,1
vehicle,premium,accident,cash,west,197888,53,1066,2,565,9,0
vehicle,basic,death,online,north,267651,67,1983,1,294,17,0
finance,basic,theft,cheque,east,163223,24,515,1,41,31,0
finance,basic,death,cheque,south,16618,30,397,4,284,12,0
finance,premium,death,online,south,283266,32,717,4,386,23,0
health,basic,illness,cash,east,143426,42,498,5,137,5,0
life,basic,accident,cash,south,91436,40,1228,0,186,43,0
health,basic,financial_loss,cheque,west,215448,39,1283,0,715,36,0
life,basic,accident,cheque,south,141109,43,1207,0,430,36,0
health,premium,financial_loss,online,north,33633,50,551,4,553,3,0
life,premium,accident,cheque,west,291639,28,598,0,415,24,0
health,basic,death,online,west,217456,27,393,0,799,17,0
finance,premium,theft,cheque,west,143442,42,1426,2,425,39,0
vehicle,premium,theft,cheque,east,124873,54,1760,0,415,26,0
health,premium,illness,cheque,east,76947,65,162,1,25,4,0
life,basic,financial_loss,cash,west,175205,60,1032,5,370,12,1
finance,basic,financial_loss,cash,east,232107,70,171,4,384,1,1
health,basic,financial_loss,cash,south,100761,55,1496,3,55,21,0
health,premium,death,cheque,east,33926,58,964,5,252,19,0
finance,basic,financial_loss,online,east,109700,62,413,2,633,21,0
health,basic,theft,online,west,54593,41,1440,4,105,18,0
vehicle,basic,death,online,north,10209,57,1232,4,129,43,0
health,premium,accident,online,north,131700,63,198,1,669,3,0
vehicle,basic,financial_loss,cash,north,91597,73,239,5,375,44,1
vehicle,premium,financial_loss,cash,south,274355,50,722,5,742,32,1
finance,premium,accident,cheque,east,14927,34,1178,0,307,10,0
health,basic,financial_loss,cheque,north,213535,41,1187,1,90,40,0
finance,premium,accident,online,west,122333,54,1307,0,392,15,0
health,basic,death,cash,north,160666,74,820,0,533,5,0
health,premium,theft,online,north,210924,19,408,4,109,4,1
life,basic,accident,cheque,east,213785,49,897,5,560,28,0
health,premium,illness,cheque,east,144005,74,682,0,640,4,0
finance,premium,accident,online,east,108780,41,1339,2,584,15,0
vehicle,premium,financial_loss,cheque,south,45696,26,72,2,339,17,0
health,premium,death,online,south,201521,21,1491,5,564,44,0
life,basic,death,cash,north,162195,34,92,2,355,3,0
finance,premium,accident,online,east,55013,34,221,4,167,10,0
health,premium,theft,cash,north,221486,70,5,1,556,42,1
finance,basic,illness,cash,west,244350,67,1163,3,451,23,0
life,basic,death,cheque,west,31140,65,1725,0,104,18,0
life,premium,financial_loss,cheque,east,268328,47,1379,3,149,1,0
finance,premium,financial_loss,cheque,east,160918,57,144,1,145,35,0
health,premium,theft,online,west,116361,28,622,1,715,31,0
vehicle,basic,death,online,east,158267,38,137,4,298,44,0
life,premium,accident,cheque,south,272750,38,1648,2,166,1,0
health,basic,financial_loss,online,south,21555,35,182,2,712,3,0
health,premium,theft,cheque,east,95385,72,814,1,645,3,0
vehicle,basic,death,online,west,260658,46,1386,4,722,37,0
life,premium,death,cash,north,162419,41,384,4,47,19,1
life,premium,death,cash,east,234797,27,912,5,637,29,1
health,basic,death,cheque,east,108844,62,1899,0,238,25,0
health,premium,death,online,north,96321,34,662,2,6,33,0
vehicle,basic,financial_loss,online,east,199923,35,454,1,463,36,0
vehicle,premium,theft,cash,north,103234,59,590,5,452,29,1
life,premium,death,cash,west,232705,65,467,3,783,26,0
finance,basic,illness,cheque,south,206283,37,994,2,370,4,0
life,premium,illness,cash,west,294987,54,1136,0,548,14,0
health,premium,theft,cheque,south,34793,62,126,4,486,27,0
life,basic,accident,cash,north,153929,35,21,1,210,33,1
finance,basic,accident,cash,south,24627,34,1224,2,164,22,0
vehicle,premium,accident,online,west,227633,26,331,3,124,3,0
finance,premium,illness,cash,south,229440,31,322,0,336,23,0
finance,premium,accident,cash,north,180188,66,813,0,191,21,0
finance,premium,financial_loss,cheque,south,263191,46,1507,5,729,41,1
vehicle,basic,death,cash,east,128099,48,1280,2,213,23,0
finance,premium,illness,cheque,west,214074,21,507,3,573,4,0
finance,basic,theft,cash,east,178686,35,123,0,327,21,1
finance,basic,theft,cash,north,279864,37,1702,1,380,37,1
health,basic,death,cheque,south,112449,73,714,0,672,43,0
finance,basic,illness,online,east,107828,73,1526,3,577,31,0
vehicle,basic,accident,cheque,east,131613,64,1514,4,797,21,0
finance,basic,accident,cheque,south,77095,60,49,4,238,26,0
finance,premium,financial_loss,cheque,south,110924,61,318,5,531,41,0
vehicle,basic,financial_loss,online,west,101452,26,1207,2,699,35,0
finance,basic,accident,cash,east,92593,30,1922,3,81,38,0
vehicle,basic,theft,cheque,east,171964,32,422,5,362,24,1
finance,basic,theft,cheque,north,131202,44,560,0,504,11,0
vehicle,basic,financial_loss,online,west,82606,32,1811,0,201,41,0
finance,basic,death,cheque,north,128769,45,1106,4,503,29,0
finance,premium,accident,cash,east,123542,54,330,5,643,3,0
health,premium,financial_loss,online,north,268068,72,1718,4,36,1,1
health,premium,financial_loss,cash,east,56322,36,1385,1,643,19,0
finance,basic,accident,cash,east,162550,43,1444,4,588,22,1
finance,basic,accident,online,north,76042,69,1991,1,600,14,0
life,premium,theft,cheque,north,51418,43,519,0,401,14,0
